[
  {"name": "Actopan", "state": "Hgo.", "zip_code": "42500", "lat": 20.2697, "lon": -98.9428},
  {"name": "Ahuazotepec", "state": "Pue.", "zip_code": "73180", "lat": 20.0303, "lon": -98.0217},
  {"name": "Agua Blanca", "state": "Hgo.", "zip_code": "43460", "lat": 20.3667, "lon": -99.0833},
  {"name": "Alcholoya", "state": "Hgo.", "zip_code": "43530", "lat": 20.35, "lon": -99.2},
  {"name": "Almoloya", "state": "Hgo.", "zip_code": "43940", "lat": 20.7167, "lon": -98.3833},
  {"name": "Apan", "state": "Hgo.", "zip_code": "43900", "lat": 19.7097, "lon": -98.4531},
  {"name": "Aquixtla", "state": "Pue.", "zip_code": "73620", "lat": 19.8167, "lon": -97.7833},
  {"name": "Acatlán", "state": "Hgo.", "zip_code": "43540", "lat": 20.1453, "lon": -98.4383},
  {"name": "Acaxochitlán", "state": "Hgo.", "zip_code": "43720", "lat": 20.1683, "lon": -98.2053},
  {"name": "Atotonilco el Grande", "state": "Hgo.", "zip_code": "43300", "lat": 20.2928, "lon": -98.7158},
  {"name": "Cerro Colorado", "state": "Hgo.", "zip_code": "43310", "lat": 20.25, "lon": -98.75},
  {"name": "Chicavasco", "state": "Hgo.", "zip_code": "42601", "lat": 20.4167, "lon": -99.25},
  {"name": "Chiconcuautla", "state": "Pue.", "zip_code": "73520", "lat": 20.0167, "lon": -97.8333},
  {"name": "Chignahuapan", "state": "Pue.", "zip_code": "73300", "lat": 19.8419, "lon": -98.0294},
  {"name": "Ciudad Sahagún", "state": "Hgo.", "zip_code": "43990", "lat": 19.7736, "lon": -98.5733},
  {"name": "Cuautepec", "state": "Hgo.", "zip_code": "43740", "lat": 20.0333, "lon": -98.2833},
  {"name": "El Arenal", "state": "Hgo.", "zip_code": "42680", "lat": 20.1833, "lon": -99.15},
  {"name": "Emiliano Zapata", "state": "Hgo.", "zip_code": "43960", "lat": 19.6667, "lon": -98.5333},
  {"name": "Epazoyucan", "state": "Hgo.", "zip_code": "43580", "lat": 19.9611, "lon": -98.6364},
  {"name": "Honey", "state": "Pue.", "zip_code": "73120", "lat": 20.1333, "lon": -98.3167},
  {"name": "Huauchinango", "state": "Pue.", "zip_code": "73160", "lat": 20.1786, "lon": -98.0522},
  {"name": "Huayacocotla", "state": "Ver.", "zip_code": "92600", "lat": 20.5142, "lon": -98.455},
  {"name": "Huehuetla", "state": "Hgo.", "zip_code": "43420", "lat": 20.4333, "lon": -98.0833},
  {"name": "Huitzila", "state": "Hgo.", "zip_code": "43820", "lat": 20.3667, "lon": -98.3333},
  {"name": "Juan Galindo", "state": "Pue.", "zip_code": "73200", "lat": 20.1667, "lon": -98.1},
  {"name": "Metepec", "state": "Hgo.", "zip_code": "43400", "lat": 20.1833, "lon": -98.25},
  {"name": "Mineral del Chico", "state": "Hgo.", "zip_code": "42120", "lat": 20.2097, "lon": -98.7253},
  {"name": "Mineral de la Reforma", "state": "Hgo.", "zip_code": "42182", "lat": 20.0664, "lon": -98.6939},
  {"name": "Mineral del Monte", "state": "Hgo.", "zip_code": "42130", "lat": 20.1406, "lon": -98.6711},
  {"name": "Napateco", "state": "Hgo.", "zip_code": "43629", "lat": 20.25, "lon": -98.5},
  {"name": "Naupan", "state": "Pue.", "zip_code": "73140", "lat": 20.1333, "lon": -97.9833},
  {"name": "Necaxa Canada", "state": "Pue.", "zip_code": "73200", "lat": 20.2167, "lon": -97.9833},
  {"name": "Omitlán de Juárez", "state": "Hgo.", "zip_code": "43700", "lat": 20.1728, "lon": -98.6572},
  {"name": "Omitlán", "state": "Hgo.", "zip_code": "43560", "lat": 20.1728, "lon": -98.6572},
  {"name": "Pachuca", "state": "Hgo.", "zip_code": "42000", "lat": 20.1167, "lon": -98.7333},
  {"name": "Pahuatlán", "state": "Pue.", "zip_code": "73100", "lat": 20.25, "lon": -98.1833},
  {"name": "Paredón", "state": "Pue.", "zip_code": "73302", "lat": 19.8833, "lon": -98.05},
  {"name": "San Agustín Tlaxiaca", "state": "Hgo.", "zip_code": "42160", "lat": 20.1167, "lon": -98.8833},
  {"name": "San Bartolo Tutotepec", "state": "Hgo.", "zip_code": "43440", "lat": 20.4, "lon": -98.2},
  {"name": "San Lorenzo", "state": "Hgo.", "zip_code": "43430", "lat": 20.3833, "lon": -98.1833},
  {"name": "Santa María", "state": "Hgo.", "zip_code": "43710", "lat": 20.2, "lon": -98.3},
  {"name": "Santiago Tulantepec", "state": "Hgo.", "zip_code": "43760", "lat": 20.0333, "lon": -98.3667},
  {"name": "Santo Tomás", "state": "Hgo.", "zip_code": "43850", "lat": 20.2167, "lon": -98.4167},
  {"name": "Singuilucan", "state": "Hgo.", "zip_code": "43780", "lat": 19.9667, "lon": -98.5167},
  {"name": "Tecocomulco", "state": "Hgo.", "zip_code": "43750", "lat": 19.9, "lon": -98.4167},
  {"name": "Téllez", "state": "Hgo.", "zip_code": "43840", "lat": 20.15, "lon": -98.45},
  {"name": "Tenango de Doria", "state": "Hgo.", "zip_code": "43480", "lat": 20.3333, "lon": -98.2333},
  {"name": "Tenanguito", "state": "Pue.", "zip_code": "73255", "lat": 20.2, "lon": -98.0333},
  {"name": "Tepeapulco", "state": "Hgo.", "zip_code": "43970", "lat": 19.7856, "lon": -98.5528},
  {"name": "Tepojaco", "state": "Hgo.", "zip_code": "43810", "lat": 19.9167, "lon": -98.3833},
  {"name": "Texcatepec", "state": "Ver.", "zip_code": "92640", "lat": 20.5833, "lon": -98.3667},
  {"name": "Tizayuca", "state": "Hgo.", "zip_code": "43800", "lat": 19.8425, "lon": -98.9817},
  {"name": "Tlaola", "state": "Pue.", "zip_code": "73220", "lat": 20.05, "lon": -97.8667},
  {"name": "Tlacuilotepec", "state": "Pue.", "zip_code": "73070", "lat": 19.9667, "lon": -97.7333},
  {"name": "Tlanalapa", "state": "Hgo.", "zip_code": "43930", "lat": 19.8167, "lon": -98.6},
  {"name": "Tlaxco", "state": "Pue.", "zip_code": "73060", "lat": 19.6167, "lon": -97.7833},
  {"name": "Tolgayuca", "state": "Hgo.", "zip_code": "43860", "lat": 19.95, "lon": -98.9333},
  {"name": "Tornacuxtla", "state": "Hgo.", "zip_code": "42161", "lat": 20.1333, "lon": -98.9167},
  {"name": "Tulancingo", "state": "Hgo.", "zip_code": "43600", "lat": 20.0833, "lon": -98.3667},
  {"name": "Villa Ávila Camacho", "state": "Pue.", "zip_code": "73090", "lat": 19.9, "lon": -97.7167},
  {"name": "Villa Cuauhtémoc", "state": "Pue.", "zip_code": "73306", "lat": 19.8667, "lon": -97.9833},
  {"name": "Villa de Tezontepec", "state": "Hgo.", "zip_code": "43880", "lat": 19.8786, "lon": -98.8197},
  {"name": "Xicotepec de Juárez", "state": "Pue.", "zip_code": "73080", "lat": 20.2667, "lon": -97.9583},
  {"name": "Xolotla", "state": "Pue.", "zip_code": "73100", "lat": 20.2667, "lon": -98.2},
  {"name": "Zacualpan", "state": "Ver.", "zip_code": "92650", "lat": 20.4, "lon": -98.3},
  {"name": "Zapotlán de Juárez", "state": "Hgo.", "zip_code": "42190", "lat": 20.1667, "lon": -98.8667},
  {"name": "Zautla", "state": "Pue.", "zip_code": "43830", "lat": 19.7667, "lon": -97.75},
  {"name": "Zihuateutla", "state": "Pue.", "zip_code": "73240", "lat": 20.1, "lon": -97.9167}
]